seq,first,last,age,gender,birthday,city,phone,email,ccnumber,field11
1,Ivan,Bridges,25,Female,4/14/1981,Lozesam,(927) 397-4080,zak@popiw.net,3528276110759183,
2,Eva,Mendez,40,Female,4/7/1980,Dehhusgul,(227) 237-1226,nobafud@ahuka.gov,5437814020597684,
3,Gene,Simpson,46,Male,1/9/1987,Vepefez,(606) 882-5654,owwuhube@vur.net,30067821566653,
4,Seth,Watson,51,Male,12/28/1982,Rodowol,(604) 720-1260,eh@reja.org,4026478740516349,
5,Jeffrey,Fox,56,Male,5/30/1956,Azokera,(205) 880-8703,mip@ote.org,340718736194719,
6,Jeffery,McGuire,25,Male,1/11/1968,Fitguwu,(934) 484-9818,tof@apepasi.co.uk,4026903051571252,
7,Cora,Jordan,56,Female,2/8/1986,Amozuzdun,(852) 468-7525,fekwo@nisep.gov,6378554754784806,
8,Lily,Santiago,42,Female,11/8/1951,Cilejuli,(626) 743-6445,rikov@fucukte.gov,6375951259827606,
9,Edgar,Butler,49,Female,2/27/1963,Ajukuciv,(200) 398-9648,vun@ru.io,5445197085303846,
10,Nathaniel,Chandler,22,Female,5/6/1953,Lejhiweku,(303) 427-5129,podbiffop@re.net,5018246531986725,
11,Sallie,Day,27,Male,3/17/1952,Ipreksuz,(947) 406-1103,mucgazwub@razabjun.org,4026150562340344,
12,Duane,Burke,40,Male,5/21/1991,Tonkewgan,(376) 989-9751,memabudi@sib.co.uk,6379960046692229,
13,Josephine,Hunter,49,Male,3/9/1970,Jiszedlip,(274) 323-2971,nuh@ho.com,6304561593229991,
14,Marcus,McBride,51,Male,8/23/1965,Catwukon,(459) 586-6729,ilbafifi@ug.org,36734386680252,
15,Eugenia,Guerrero,18,Female,10/2/1968,Kulhici,(606) 824-1171,tu@zukazpu.co.uk,6304453903182393,
16,Stella,Fernandez,51,Male,3/13/1974,Vauleka,(401) 729-6439,necakve@ot.com,3528109370690139,
17,Kenneth,Fowler,34,Male,12/18/1988,Wezagi,(364) 401-1092,bizikva@zuklez.edu,36925698526098,
18,Katherine,Morton,51,Male,12/25/1961,Lupviviz,(269) 294-3154,womi@fawfef.com,4294226283174066,
19,Randy,Rogers,34,Male,12/24/1996,Nitedeub,(425) 237-9589,ib@ovupu.edu,4903998522199772,
20,Elijah,Kelley,34,Male,6/6/1993,Siwlazpe,(782) 693-3276,gibo@kah.com,4135910085174720,
21,Mollie,Lee,41,Male,6/20/1988,Icawleh,(880) 384-3749,jul@wavewese.net,5018897801214600,
22,Albert,Mitchell,58,Female,3/27/1980,Oduohow,(809) 848-4664,tiwi@sihupa.co.uk,201425591651514,
23,Cody,Hopkins,19,Female,4/20/1998,Welsupge,(279) 442-8432,itvet@li.edu,6260575177177352,
24,Delia,Willis,53,Male,12/6/1975,Tokmaet,(613) 702-6421,je@zisnojwo.edu,4026054950686047,
25,Ray,Jacobs,27,Female,11/25/1988,Weivima,(701) 491-9681,man@maiha.org,6334199067753818,
26,Leon,Washington,41,Male,4/22/1962,Odpihuz,(901) 933-9328,fehzubud@iwvir.com,5123290440103750,
27,Gilbert,Jackson,60,Male,11/9/1998,Molace,(984) 647-6936,gelina@lil.co.uk,36590048778110,
28,Clyde,Schultz,35,Male,7/22/1978,Wihijgi,(633) 398-4161,nenu@fug.com,6374990176547286,
29,Julian,Blair,22,Male,2/13/1988,Uwmuvad,(369) 345-3915,fo@gog.io,6011301389870342,
30,Hulda,Hamilton,42,Male,10/26/1957,Pozgaen,(266) 669-1007,wisuselep@no.net,4026527509056036,
31,Lily,Weber,41,Female,9/6/1993,Hasubgu,(669) 760-9376,wivona@numaw.edu,5105174478321322,
32,Ronald,Page,49,Female,11/3/1985,Joslisso,(631) 568-3124,hufug@dadi.com,6304501128688931,
33,Janie,Alvarez,61,Female,6/9/1991,Efomihsec,(738) 290-1248,nev@uzgoga.com,6304809234853244,
34,Wesley,Becker,40,Male,1/25/1958,Sozgilbib,(566) 323-8581,akbuc@zaivuwi.edu,347854287013645,
35,Edward,Jackson,29,Female,8/4/1978,Uccane,(561) 610-7273,owi@zekcar.edu,340993009591780,
36,Victor,Ramirez,65,Male,3/27/1972,Rewisanog,(252) 829-6677,zobolje@lezba.co.uk,6287162732422810,
37,Jerome,Wallace,43,Male,3/23/1964,Letace,(225) 859-1210,ipapeno@homa.io,5610057782476148,
38,Frances,Lowe,62,Male,10/13/1967,Joweprus,(954) 396-4441,hoonpo@bozdewfiw.edu,201466655974988,
39,Lida,Mathis,19,Male,7/23/1974,Junazu,(304) 415-5086,so@goj.org,5430831647262176,
40,Agnes,Cain,65,Female,5/27/1987,Bodtebtuv,(865) 912-5276,gehman@wicwumta.co.uk,201480582025798,
41,William,Stevenson,65,Male,3/1/1995,Jaisita,(852) 454-7818,wotaz@vi.edu,36435579891520,
42,Carrie,Anderson,62,Male,2/17/1990,Ikkowve,(807) 406-8586,zofog@pap.org,4285811356428928,
43,Christina,Spencer,29,Female,9/30/1990,Nocbium,(380) 773-3331,vocicude@po.com,36539732452094,
44,Frederick,Keller,61,Female,10/25/1972,Cabilsa,(211) 863-7226,fa@nij.gov,36974471486526,
45,Travis,French,65,Male,11/29/1978,Ekrazom,(259) 379-8682,zotkaben@tiw.gov,6304559607973158,
46,Tony,Garner,61,Female,9/3/1966,Sacrana,(707) 798-9799,celek@abil.io,6011663234452356,
47,Isabel,Reed,27,Male,7/17/1969,Newsahoz,(930) 566-4539,vatluhdaz@beli.edu,5018281765918870,
48,Alejandro,Wilkerson,37,Female,3/25/1973,Fojaczu,(575) 935-5766,horingis@fak.co.uk,36041270464862,
49,Martin,Shaw,27,Male,6/3/1993,Ulubhe,(634) 977-4061,sih@uthergub.gov,30045171446544,
50,Lena,Hall,49,Male,1/16/1987,Kihwelni,(786) 711-2024,oceubi@rumsu.edu,36932402575593,
51,Emilie,Weaver,63,Female,2/27/1978,Nabsopit,(288) 317-1007,ra@govaso.co.uk,5018160955264131,
52,Loretta,Matthews,41,Male,6/6/1969,Rufutan,(937) 340-6440,fur@zivuspo.io,5610670717378112,
53,Mitchell,Bowen,23,Female,10/15/1972,Luvezuuti,(714) 685-1526,dol@pusder.edu,201420006167883,
54,Rosie,Wise,44,Female,11/25/1952,Ujpovu,(466) 973-9705,gu@wekar.com,5134290607928673,
55,Andre,Snyder,50,Female,3/14/1959,Amedohpar,(422) 753-1413,hat@jejuco.io,4026952630643256,
56,Laura,Martin,28,Female,2/18/1980,Docfijic,(313) 740-2846,mesijiti@tovih.io,3528033930673858,
57,Joshua,Jones,56,Male,7/9/1963,Lodluzal,(673) 930-3442,waz@jodup.net,5610938300255918,
58,Winnie,Schneider,24,Female,4/14/1974,Jocdipwez,(740) 387-8943,rip@kedzib.gov,36294318095772,
59,Evan,Thomas,65,Male,5/5/1969,Hegpecu,(535) 427-7411,com@vogiuri.co.uk,4903111978598980,
60,Henry,Ferguson,34,Female,3/4/1975,Nehutebi,(357) 757-9246,ri@enaomjaw.net,4026638938105078,
61,Violet,Morgan,22,Male,4/17/1967,Masudpo,(306) 228-9820,cocavip@hes.com,4807889505342314,
62,Anne,Wagner,51,Male,11/19/1951,Vublifu,(525) 278-1884,zorog@hu.com,6334474255400260,
63,Randy,Moore,28,Female,10/7/1982,Ehehuwar,(722) 742-7400,huc@cutek.net,6334165066365003,
64,Hannah,Wolfe,60,Male,2/10/1993,Jamnolew,(734) 279-3757,odevutal@jo.edu,5018659427373800,
65,Herman,Graves,50,Male,12/24/1959,Ifjulhar,(843) 782-1626,ze@loup.net,201404591583266,
66,Ina,Davidson,49,Female,3/17/1976,Dezaar,(654) 888-2057,naovifos@cofove.com,30021196151328,
67,Tyler,Mendez,43,Male,4/12/1981,Nuzsufun,(706) 215-4329,sahunu@os.io,6304118270493729,
68,Elmer,Reese,56,Male,3/29/1956,Kugucir,(962) 358-1070,li@be.gov,5166022479762430,
69,Owen,Marsh,34,Female,8/14/1965,Ecjukag,(478) 564-8075,oc@reot.gov,6371181155109016,
70,Billy,Ballard,50,Male,11/20/1995,Cocudfi,(479) 520-8862,joru@kufce.gov,30039861300202,
71,Marion,Castillo,28,Female,11/27/1982,Lamacsu,(838) 949-1070,iveeb@it.gov,36748871602621,
72,Louis,Munoz,54,Female,6/6/1998,Kocuri,(225) 651-9286,jo@ha.org,30003466728704,
73,Maria,Bell,47,Male,3/10/1960,Lutilucub,(656) 927-2082,cur@adu.org,5610291141105334,
74,Marvin,Lynch,61,Male,7/1/1998,Solhucad,(681) 354-9721,fu@ruwumob.net,30031002044997,
75,Nannie,McBride,43,Male,5/11/1996,Leznavkev,(748) 959-5802,dezmuviw@am.com,6304992954249627,
76,Mayme,McBride,30,Male,1/7/1983,Tonzehmir,(826) 856-5683,aspafe@zun.gov,3528320564276656,
77,Susie,Barker,34,Male,9/12/1980,Wasehsa,(258) 767-1159,vihhep@og.gov,30052675012954,
78,Linnie,Flores,47,Female,1/23/1957,Sokmiwu,(381) 549-4533,os@nuh.io,201419288296808,
79,Mayme,Bass,44,Male,6/1/1986,Pirizem,(865) 945-5338,ihi@nigopnes.co.uk,342011478501004,
80,Steve,McKenzie,59,Male,2/6/1951,Wabizema,(224) 328-6171,vipzilmu@hesew.gov,201459098783363,
81,Bettie,Ruiz,26,Female,6/11/1989,Upoaluuko,(914) 281-2243,uba@ozriola.net,3528560242662658,
82,Bruce,Hicks,63,Male,9/15/1983,Lavweze,(370) 930-2617,mukific@nuzpufog.net,347740453941398,
83,Anne,Keller,57,Male,8/13/1995,Jofaepa,(862) 814-4595,jiwabro@do.io,5018842181552856,
84,Eric,Caldwell,32,Male,1/16/1963,Guusmi,(538) 442-5665,ovafa@uraiva.edu,201445979972092,
85,Floyd,Garrett,52,Female,9/2/1958,Umlidur,(430) 920-9071,bi@favefri.io,6371948278230964,
86,Viola,Richardson,41,Male,5/3/1962,Urfuhaz,(575) 207-3677,kahkoraz@war.com,3528119738950372,
87,Lelia,Brown,55,Female,10/16/1965,Curzijkor,(655) 284-2931,hus@zivi.gov,4345712647777362,
88,Austin,Kelly,31,Female,2/8/1968,Riweca,(527) 469-2782,ceh@ik.edu,4903890440967234,
89,Lucy,Brock,42,Female,6/25/1975,Rarufte,(913) 853-5561,ar@ka.gov,6334313811763391,
90,Irene,Hamilton,44,Male,8/22/1973,Owecajla,(709) 395-8347,majofzo@gogka.com,3528381289154248,
91,Polly,Hansen,36,Male,4/3/1969,Bivbockuc,(801) 514-5278,afo@iwawecjuh.gov,6304457317915454,
92,Norman,Wade,37,Male,9/1/1953,Luniwwib,(772) 706-4369,popozmu@ekerip.net,343209704051039,
93,Manuel,Franklin,60,Male,2/9/1971,Nuwmisoga,(984) 561-3248,nokutri@wawtek.com,30027459377575,
94,Sallie,Norris,18,Male,6/8/1959,Vizasadep,(823) 807-1568,fof@eha.edu,5018069243366311,
95,Ricky,Smith,55,Male,11/5/1957,Bagvuze,(642) 675-7895,fi@gi.co.uk,6370181882374694,
96,Victor,Snyder,53,Female,7/10/1957,Maiwofi,(632) 643-6139,unoc@oruike.edu,30018853838338,
97,Bessie,Reynolds,63,Male,4/4/1959,Letjinob,(481) 458-8791,gakaw@bi.gov,5460515797112934,
98,Jackson,Gardner,34,Male,10/26/1968,Ugpote,(416) 600-9207,cubse@ceenujuj.com,6378640668346541,
99,Alta,Murphy,48,Female,8/13/1996,Eptade,(903) 204-9581,siliwag@wehewagu.io,6011510507461319,
100,Louise,Taylor,31,Female,6/1/1951,Rabnofma,(754) 850-2923,hifhalop@jikej.gov,6373889108769029,

